<?xml version="1.0" encoding="UTF-8"?>
<project-private xmlns="http://www.netbeans.org/ns/project-private/1">
    <editor-bookmarks xmlns="http://www.netbeans.org/ns/editor-bookmarks/2" lastBookmarkId="0"/>
    <open-files xmlns="http://www.netbeans.org/ns/projectui-open-files/2">
        <group>
            <file>file:/C:/Users/CasinerO/Documents/NetBeansProjects/Red_Hidraulica_Final/src/form/add/Adicionar_turbina.java</file>
            <file>file:/C:/Users/CasinerO/Documents/NetBeansProjects/Red_Hidraulica_Final/src/form/add/Adicionar_bomba_agua.java</file>
            <file>file:/C:/Users/CasinerO/Documents/NetBeansProjects/Red_Hidraulica_Final/src/form/turbinas_mayor_regimen_bombeo.java</file>
            <file>file:/C:/Users/CasinerO/Documents/NetBeansProjects/Red_Hidraulica_Final/src/form/principal.java</file>
            <file>file:/C:/Users/CasinerO/Documents/NetBeansProjects/Red_Hidraulica_Final/src/red_hidraulica_final/Red_Hidraulica_Final.java</file>
        </group>
    </open-files>
</project-private>
